name,type,category,fdc_id,serving_size_g,serving_label,cost_index,calories_kcal,protein_g,fat_g,carbs_g,fiber_g,sugars_g,water_g,vitamin_a_mcg,vitamin_b1_mg,vitamin_b2_mg,vitamin_b3_mg,vitamin_b5_mg,vitamin_b6_mg,vitamin_b9_mcg,vitamin_b12_mcg,vitamin_c_mg,vitamin_d_mcg,vitamin_e_mg,vitamin_k_mcg,calcium_mg,iron_mg,magnesium_mg,phosphorus_mg,potassium_mg,sodium_mg,zinc_mg,copper_mg,manganese_mg,selenium_mcg
Avocado (Hass),fruit,Other,,100.0,100g,,176,1.1,17.4,5.3,3.0,2.3,71.5,5,0.1,0.17,1.1,,0.3,11.0,0.0,3.0,0.0,2.1,,4.0,0.3,21.0,36,330.0,15.0,0.3,,,
Pumpkin,vegetable,Squash,,100.0,100g,,11,0.3,0.2,2.4,0.7,1.4,96.6,160,0.01,0.01,0.6,,0.04,8.0,0.0,12.0,0.0,1.0,,25.0,0.1,5.0,5,200.0,1.0,0.1,,,
Forkbeard,fish_seafood,Fish,,100.0,100g,,70,17.2,0.1,0.0,0.0,0.0,81.5,1,0.03,0.03,0.56,,0.06,12.0,0.44,0.0,0.4,0.04,,11.0,0.2,28.0,230,360.0,63.0,0.5,,,
Saffron,spice,Other,,100.0,100g,,353,11.4,5.9,65.4,3.9,42.4,11.9,53,0.12,0.27,1.5,,1.3,0.0,0.0,0.0,0.0,1.69,,110.0,11.0,50.0,250,1720.0,150.0,1.1,,,
Turmeric (Dried),spice,Root/Bark,,100.0,100g,,312,6.7,7.0,66.8,22.7,44.1,9.9,3,0.09,0.11,3.7,,0.0,0.0,0.0,0.0,0.0,5.0,,170.0,40.0,190.0,290,2910.0,31.0,3.2,,,
Watercress,vegetable,Leafy Green,,100.0,100g,,29,3.4,0.9,3.4,3.0,0.4,91.2,325,0.09,0.07,0.6,,0.23,200.0,0.0,77.0,0.0,1.5,,200.0,1.7,15.0,56,230.0,49.0,0.2,,,
Rosemary (Fresh),spice,Herb,,100.0,100g,,115,1.4,4.4,21.2,7.7,13.5,73.6,92,0.1,0.21,1.0,,0.09,0.0,0.0,29.0,0.0,1.5,,370.0,8.5,40.0,20,280.0,15.0,0.9,,,
Rosemary (Dried),spice,Herb,,100.0,100g,,377,4.9,15.2,64.1,17.7,46.4,9.3,313,0.1,0.32,1.0,,0.38,0.0,0.0,0.0,0.0,9.15,,1280.0,29.0,120.0,70,950.0,50.0,3.2,,,
Lettuce,vegetable,Leafy Green,,100.0,100g,,12,0.9,0.0,2.6,1.1,1.5,95.7,224,0.0,0.06,0.4,,0.04,55.0,0.0,4.0,0.0,0.1,,70.0,1.5,22.0,46,310.0,3.0,0.1,,,2.1
Red Leaf Lettuce,vegetable,Leafy Green,,100.0,100g,,12,0.9,0.0,2.6,1.1,1.5,95.7,0,0.0,0.06,0.32,,0.1,36.0,0.0,3.7,0.0,0.1,,33.0,1.2,12.0,28,190.0,25.0,0.1,,,2.0
Nori Seaweed,vegetable,Other,,100.0,100g,,256,30.8,2.6,45.2,36.0,0.6,8.1,3500,0.92,1.66,15.5,,0.5,270.0,32.1,62.0,0.0,2.5,,250.0,26.0,860.0,440,3210.0,3200.0,3.0,,,7.0
Plum (White),fruit,Stone,,100.0,100g,,40,0.6,0.2,9.4,1.6,7.8,89.0,107,0.02,0.06,0.6,,0.05,3.0,0.0,2.0,0.0,0.61,,3.0,0.1,5.0,12,140.0,52.0,0.1,,,
Plum (Red),fruit,Stone,,100.0,100g,,41,0.8,0.2,9.3,1.9,7.4,88.0,70,0.02,0.08,0.5,,0.05,6.0,0.0,2.0,0.0,0.6,,13.0,0.2,7.0,13,190.0,2.0,0.0,,,
Plum (Greengage),fruit,Stone,,100.0,100g,,57,0.8,0.1,14.1,2.3,11.8,82.0,16,0.05,0.04,0.6,,0.05,3.0,0.0,5.0,0.0,0.6,,15.0,0.4,8.0,23,280.0,1.0,0.1,,,
Almond (Skin On),nut_seed,Tree Nut,,100.0,100g,,643,21.6,56.0,19.2,12.0,4.6,4.9,0,0.21,0.75,2.2,,0.15,49.0,0.0,1.0,0.0,24.0,,270.0,4.0,260.0,410,860.0,6.0,3.1,,,
"Almond (Roasted, Blanched)",nut_seed,Tree Nut,,100.0,100g,,650,21.6,56.8,19.3,12.2,5.0,3.0,0,0.13,0.57,2.1,,0.09,37.0,0.0,0.0,0.0,25.0,,270.0,4.1,260.0,410,870.0,6.0,3.2,,,
Blackberry (Wild),fruit,Berry,,100.0,100g,,43,1.4,0.9,9.1,4.6,4.2,88.0,27,0.02,0.04,0.54,,0.05,25.0,0.0,16.5,0.0,4.42,,28.0,0.6,22.0,33,240.0,1.8,0.5,,,0.1
Custard Apple,fruit,Tropical,,100.0,100g,,82,1.7,0.4,19.2,2.4,14.8,77.7,1,0.1,0.11,0.9,,0.2,5.0,0.0,17.0,0.0,0.1,,6.0,0.3,23.0,31,240.0,11.0,0.2,,,
Long Grain White Rice,grain,Rice,,100.0,100g,,347,6.7,0.4,80.2,2.1,0.0,13.9,0,0.06,0.03,2.0,,0.29,19.0,0.0,0.0,0.0,0.1,,13.0,0.6,32.0,87,94.0,6.0,1.3,,,
Medium Grain White Rice,grain,Rice,,100.0,100g,,357,7.4,0.5,81.8,2.2,0.0,10.7,0,0.07,0.03,2.0,,0.3,20.0,0.0,0.0,0.0,0.1,,11.0,0.6,13.0,92,110.0,6.0,1.3,,,
Tuna (Fresh),fish_seafood,Fish,,100.0,100g,,138,30.7,1.7,0.0,0.0,0.0,65.9,30,0.05,0.04,10.0,,0.21,8.3,2.4,0.0,3.5,0.1,,4.0,2.2,37.0,260,360.0,45.0,0.4,,,110.0
Cod (Fresh),fish_seafood,Fish,,100.0,100g,,76,17.8,0.5,0.0,0.0,0.0,80.0,7,0.06,0.04,2.3,,0.21,10.0,1.0,0.0,1.0,0.6,,15.0,0.3,26.0,200,360.0,65.0,0.5,,,
Cod Roe,fish_seafood,Fish,,100.0,100g,,104,21.7,1.9,0.0,0.0,0.0,73.7,79,0.78,0.49,1.0,,0.32,80.0,10.0,0.0,18.0,6.2,,11.0,1.0,9.0,320,170.0,110.0,3.5,,,
Goji Berry (Dried),vegetable,Other,,100.0,100g,,303,11.2,2.8,64.6,12.8,39.6,16.5,4,0.0,0.13,0.76,,0.16,0.0,0.0,4.5,0.0,2.1,,48.0,4.2,72.0,180,1410.0,420.0,1.1,,,3.2
Purslane,vegetable,Leafy Green,,100.0,100g,,13,1.0,0.0,3.5,2.5,1.0,95.0,478,0.06,0.04,0.2,,0.06,130.9,0.0,20.0,0.0,1.7,,130.0,3.0,68.0,70,800.0,30.0,0.2,,,
Cockle,fish_seafood,Mollusk,,100.0,100g,,59,10.5,0.7,2.7,0.0,0.0,82.5,0,0.05,0.11,1.7,,0.04,18.0,41.0,0.0,0.0,0.0,,56.0,5.9,58.0,160,62.0,380.0,1.1,,,
Sea Bream,fish_seafood,Fish,,100.0,100g,,102,19.5,2.7,0.0,0.0,0.0,75.5,,0.07,,2.4,,0.32,17.0,4.8,0.0,0.0,1.1,,15.0,0.4,40.0,250,400.0,120.0,0.9,,,
Lamb (Leg/Chop),lamb,Leg,,100.0,100g,,124,19.7,5.0,0.0,0.0,0.0,73.6,0,0.14,0.24,5.0,,0.37,3.0,2.0,0.0,0.4,0.1,,11.0,1.7,27.0,220,280.0,64.0,3.8,,,
Whelk,fish_seafood,Mollusk,,100.0,100g,,82,17.8,0.2,2.3,0.0,0.0,78.2,3,0.0,0.12,0.9,,0.11,15.0,6.5,0.0,0.0,1.8,,60.0,1.3,92.0,120,160.0,380.0,1.2,,,
Goat (Chop),lamb,Rib,,100.0,100g,,120,23.9,2.7,0.0,0.0,0.0,72.2,0,0.13,0.32,6.6,,0.32,5.0,1.3,0.0,0.4,0.09,,14.0,1.1,26.0,130,440.0,94.0,4.6,,,
Goat (Breast),lamb,Other Cut,,100.0,100g,,116,20.5,3.8,0.0,0.0,0.0,74.2,0,0.13,0.32,6.1,,0.3,5.0,1.1,0.0,0.0,0.09,,11.0,0.5,22.0,230,390.0,82.0,4.0,,,
Goat (Leg),lamb,Leg,,100.0,100g,,113,19.3,4.0,0.0,0.0,0.0,75.2,0,0.13,0.3,6.0,,0.3,5.0,1.1,0.0,0.0,0.09,,9.0,0.9,21.0,270,360.0,77.0,3.7,,,
Dogfish,fish_seafood,Fish,,100.0,100g,,82,20.0,0.2,0.0,0.0,0.0,79.0,3,0.04,0.03,1.9,,0.12,6.2,3.3,0.0,0.4,0.35,,14.0,0.1,32.0,190,290.0,170.0,0.3,,,
Red Pandora,fish_seafood,Fish,,100.0,100g,,80,18.3,0.7,0.0,0.0,0.0,79.0,0,0.02,0.05,1.5,,0.22,7.0,1.3,0.0,0.9,1.9,,30.0,0.8,28.0,190,320.0,61.0,0.8,,,
Cinnamon (Ground),spice,Root/Bark,,100.0,100g,,315,3.9,3.2,79.9,24.4,55.5,10.0,26,0.08,0.14,1.3,,0.25,0.0,0.0,28.0,0.0,0.1,,1230.0,38.0,56.0,61,500.0,26.0,2.0,,,
Lamb's Lettuce,vegetable,Leafy Green,,100.0,100g,,24,2.0,0.4,4.1,2.1,2.0,93.4,680,0.08,0.08,0.4,,0.19,94.2,0.0,39.0,0.0,0.3,,32.0,3.1,13.0,52,380.0,9.5,0.5,,,
Redfish,fish_seafood,Fish,,100.0,100g,,101,18.6,2.9,0.0,0.0,0.0,77.3,20,0.13,0.09,2.8,,0.18,6.0,2.3,0.0,2.3,1.2,,15.0,0.6,29.0,200,310.0,78.0,0.6,,,
Snail,fish_seafood,Mollusk,,100.0,100g,,85,16.1,1.4,2.0,0.0,0.0,79.0,90,0.13,0.18,0.9,,0.1,20.0,5.0,15.0,1.1,0.8,,170.0,3.5,250.0,200,120.0,73.0,2.0,,,50.0
Star Fruit,fruit,Tropical,,100.0,100g,,40,0.5,0.3,8.8,1.7,6.9,91.0,8,0.03,0.03,0.4,,0.0,0.0,0.0,27.0,0.0,0.0,,5.0,0.6,7.0,15,150.0,3.0,0.1,,,
Horse Mackerel,fish_seafood,Fish,,100.0,100g,,105,19.7,2.9,0.0,0.0,0.0,75.6,15,0.15,0.15,5.0,,0.36,15.0,5.7,0.0,4.1,0.37,,69.0,1.2,33.0,260,400.0,80.0,1.2,,,
Cardamom (Green),spice,Seed,,100.0,100g,,335,10.8,6.2,68.5,19.0,5.2,10.4,0,0.2,0.18,1.1,,0.23,0.0,0.0,21.0,0.0,0.0,,240.0,5.6,69.0,66,210.0,370.0,1.7,,,
Mutton (Chop),lamb,Rib,,100.0,100g,,151,20.8,7.5,0.0,0.0,0.0,70.0,0,0.09,0.18,4.8,,0.3,3.0,2.0,0.0,0.4,0.09,,17.0,0.9,24.0,220,350.0,88.0,4.0,,,
Mutton (Shoulder),lamb,Shoulder,,100.0,100g,,195,20.5,12.6,0.0,0.0,0.0,65.7,0,0.14,0.32,4.3,,0.22,2.0,2.0,0.0,0.4,0.07,,12.0,1.3,16.0,210,270.0,66.0,2.0,,,
"Mutton (Breast, Fatty)",lamb,Other Cut,,100.0,100g,,396,16.8,36.5,0.0,0.0,0.0,46.0,0,0.3,0.32,4.5,,0.16,11.0,1.0,0.0,0.6,0.09,,17.0,1.2,16.0,220,300.0,110.0,3.0,,,
"Mutton (Leg, Fatty)",lamb,Leg,,100.0,100g,,276,19.1,22.2,0.0,0.0,0.0,57.5,0,0.32,0.23,5.0,,0.23,3.0,2.3,0.0,0.5,0.07,,11.0,1.2,25.0,190,360.0,60.0,3.2,,,
"Mutton (Leg, Lean)",lamb,Leg,,100.0,100g,,130,19.8,5.6,0.0,0.0,0.0,72.8,0,0.14,0.21,5.0,,0.3,6.0,2.0,0.0,0.7,0.05,,18.0,1.5,16.0,250,300.0,110.0,1.9,,,
Mutton Kidney,lamb,Other Cut,,100.0,100g,,92,16.2,3.0,0.0,0.0,0.0,79.2,100,0.34,2.4,5.7,,0.61,8.0,17.0,12.0,0.0,0.37,,11.0,5.2,17.0,230,280.0,160.0,1.9,,,
Chestnut,nut_seed,Tree Nut,,100.0,100g,,194,3.1,1.1,45.9,6.1,9.8,48.5,11,0.22,0.12,0.5,,0.35,61.0,0.0,51.0,0.0,1.2,,20.0,0.8,33.0,63,500.0,9.0,0.5,,,
Horse Meat (Loin),beef,Other Cut,,100.0,100g,,99,19.6,2.3,0.0,0.0,0.0,77.0,21,0.11,0.13,3.5,,0.4,16.0,3.0,0.0,0.4,0.06,,13.0,3.6,23.0,210,340.0,48.0,2.9,,,
Sweet Onion,vegetable,Allium,,100.0,100g,,25,0.8,0.0,6.0,1.1,4.8,92.8,0,0.13,0.01,0.6,,0.2,17.0,0.0,8.0,0.0,0.3,,31.0,0.5,12.0,30,210.0,0.0,0.3,,,
Red Onion,vegetable,Allium,,100.0,100g,,43,0.7,0.0,11.3,2.7,5.9,87.5,0,0.13,0.01,0.6,,0.2,17.0,0.0,8.0,0.0,0.3,,31.0,0.5,12.0,30,210.0,0.0,0.3,,,
Chives (Fresh),spice,Herb,,100.0,100g,,28,2.8,0.6,3.8,2.1,1.7,92.0,567,0.07,0.2,0.6,,0.22,64.0,0.0,41.0,0.0,1.6,,77.0,1.3,17.0,51,220.0,3.0,0.4,,,
Baby Carrot,vegetable,Root,,100.0,100g,,29,0.6,0.1,7.8,2.9,4.8,90.4,1065,0.03,0.04,0.56,,0.11,27.0,0.0,2.6,0.0,0.5,,32.0,0.9,10.0,28,240.0,78.0,0.2,,,0.9
Chervil (Fresh),spice,Herb,,100.0,100g,,80,4.0,1.0,15.3,3.3,0.0,80.0,245,0.12,0.34,0.3,,0.03,44.0,0.0,35.0,0.0,3.0,,260.0,1.6,25.0,30,600.0,10.0,0.4,,,
Cherry,fruit,Stone,,100.0,100g,,67,0.8,0.7,14.9,1.6,13.3,82.6,24,0.04,0.06,0.2,,0.04,5.0,0.0,6.0,0.0,0.13,,14.0,0.4,10.0,15,210.0,1.0,0.1,,,
Grouper,fish_seafood,Fish,,100.0,100g,,132,17.9,6.7,0.0,0.0,0.0,74.4,55,0.04,0.03,1.8,,0.24,6.0,0.7,0.0,6.6,2.6,,8.0,0.4,27.0,170,290.0,110.0,0.7,,,
Blue Jack Mackerel,fish_seafood,Fish,,100.0,100g,,105,19.7,2.9,0.0,0.0,0.0,75.6,15,0.15,0.15,5.0,,0.36,15.0,5.7,0.0,4.1,0.37,,69.0,1.2,33.0,260,400.0,80.0,1.2,,,
Chicory,vegetable,Leafy Green,,100.0,100g,,14,1.0,0.1,3.5,2.6,0.9,95.0,20,0.06,0.09,0.3,,0.05,14.0,0.0,2.0,0.0,0.0,,30.0,0.3,6.0,23,170.0,4.0,0.1,,,
Cuttlefish,fish_seafood,Mollusk,,100.0,100g,,79,18.9,0.4,0.0,0.0,0.0,78.6,9,0.04,0.03,1.1,,0.06,8.8,1.2,0.0,0.0,0.94,,8.0,0.1,49.0,270,320.0,200.0,1.7,,,
Chayote,vegetable,Squash,,100.0,100g,,19,0.8,0.1,4.6,1.7,2.9,94.2,3,0.03,0.03,0.47,,0.08,93.0,0.0,7.7,0.0,0.51,,17.0,0.3,12.0,18,130.0,2.0,0.7,,,
Clementine,fruit,Citrus,,100.0,100g,,53,0.8,0.2,12.8,1.7,11.1,85.6,12,0.08,0.04,0.3,,0.07,32.0,0.0,40.0,0.0,0.33,,29.0,0.1,11.0,17,160.0,2.0,0.1,,,
Quail (Skinless),poultry,Other Poultry,,100.0,100g,,119,22.1,3.4,0.0,0.0,0.0,72.7,17,0.17,0.22,9.1,,0.56,7.0,0.47,0.0,0.2,0.2,,13.0,3.1,29.0,240,250.0,45.0,2.7,,,
Quail,poultry,Other Poultry,,100.0,100g,,170,21.5,9.3,0.0,0.0,0.0,68.3,72,0.15,0.2,7.5,,0.6,8.0,0.43,0.0,0.5,0.1,,13.0,2.7,27.0,220,220.0,47.0,2.4,,,
Rabbit,poultry,Other Poultry,,100.0,100g,,117,20.3,4.0,0.0,0.0,0.0,74.4,0,0.1,0.16,4.0,,0.5,5.0,9.0,0.0,0.5,0.13,,17.0,1.0,20.0,220,380.0,58.0,1.5,,,
Cilantro (Fresh),spice,Herb,,100.0,100g,,28,2.4,0.6,4.7,2.9,1.5,92.8,102,0.07,0.12,0.7,,0.18,18.0,0.0,63.0,0.0,0.7,,98.0,1.9,26.0,36,540.0,28.0,0.2,,,
Cremini Mushroom,vegetable,Other,,100.0,100g,,23,3.2,0.2,2.7,1.2,0.1,93.2,0,0.09,0.31,2.21,,0.18,44.0,0.0,1.0,0.0,0.1,,3.0,0.1,8.2,89,340.0,5.0,0.4,,,21.0
Oyster Mushroom,vegetable,Other,,100.0,100g,,27,2.4,0.2,5.0,2.3,2.6,91.9,0,0.09,0.31,1.72,,0.18,44.0,0.0,1.0,0.0,0.1,,3.0,0.1,11.0,63,260.0,5.0,0.5,,,21.0
Mushroom,vegetable,Other,,100.0,100g,,18,1.8,0.5,2.8,2.3,0.3,92.6,0,0.09,0.31,3.2,,0.18,44.0,0.0,1.0,0.0,0.1,,6.0,0.6,9.0,80,320.0,5.0,0.4,,,
Meagre,fish_seafood,Fish,,100.0,100g,,94,20.4,1.4,0.0,0.0,0.0,76.7,1,0.07,0.14,2.7,,0.29,12.0,0.3,0.0,16.0,0.45,,13.0,0.3,31.0,230,430.0,56.0,0.5,,,
White Cabbage,vegetable,Cruciferous,,100.0,100g,,28,1.4,0.4,5.9,2.4,3.4,91.8,7,0.12,0.01,0.3,,0.18,34.0,0.0,40.0,0.0,0.2,,50.0,0.6,6.0,38,240.0,7.0,0.2,,,
Savoy Cabbage,vegetable,Cruciferous,,100.0,100g,,26,2.4,0.2,5.2,3.1,2.0,91.1,166,0.15,0.03,0.7,,0.15,150.0,0.0,67.0,0.0,0.2,,51.0,0.5,12.0,64,250.0,9.0,0.3,,,
Portuguese Kale,vegetable,Leafy Green,,100.0,100g,,31,2.2,0.4,5.9,2.4,3.4,90.6,233,0.12,0.06,0.7,,0.13,78.0,0.0,90.0,0.0,0.2,,76.0,1.0,28.0,65,270.0,15.0,0.4,,,
Gilt-head Bream,fish_seafood,Fish,,100.0,100g,,167,19.7,9.8,0.0,0.0,0.0,68.9,11,0.2,0.08,5.1,,0.36,24.0,4.8,0.0,12.0,0.82,,15.0,0.4,28.0,250,380.0,59.0,0.8,,,
Endive,vegetable,Leafy Green,,100.0,100g,,19,1.8,0.4,3.0,1.8,1.2,93.7,73,0.06,0.1,0.4,,0.02,35.2,0.0,12.0,0.0,0.3,,44.0,2.8,10.0,36,380.0,22.0,0.2,,,1.0
Eel,fish_seafood,Fish,,100.0,100g,,303,13.4,27.7,0.0,0.0,0.0,57.4,887,0.28,0.26,1.3,,0.15,9.3,1.9,0.0,16.0,2.4,,140.0,0.5,16.0,250,180.0,77.0,2.5,,,
Dried Pea,legume,Pea,,100.0,100g,,330,22.7,1.3,64.4,15.0,2.3,9.3,44,0.88,0.3,2.9,,0.13,33.0,0.0,0.0,0.0,1.0,,61.0,3.7,120.0,340,1040.0,40.0,3.7,,,
Green Pea (Frozen),legume,Pea,,100.0,100g,,68,5.3,0.5,14.0,7.0,1.4,79.4,67,0.32,0.02,1.8,,0.1,58.0,0.0,14.0,0.0,0.18,,32.0,1.1,17.0,96,210.0,11.0,0.9,,,
Green Pea (Fresh),legume,Pea,,100.0,100g,,76,6.4,0.7,13.3,4.7,1.8,78.6,48,0.74,0.02,1.1,,0.12,62.0,0.0,20.0,0.0,0.2,,36.0,2.0,21.0,130,360.0,11.0,1.0,,,
Snow Pea,vegetable,Legume,,100.0,100g,,33,3.1,0.2,5.4,1.5,2.9,90.7,33,0.17,0.14,0.5,,0.16,7.0,0.0,30.0,0.0,0.18,,54.0,0.7,25.0,39,150.0,4.0,0.6,,,
Swordfish,fish_seafood,Fish,,100.0,100g,,97,17.8,2.9,0.0,0.0,0.0,77.5,0,0.11,0.04,4.1,,0.47,14.0,1.4,0.0,1.3,0.09,,5.0,0.6,30.0,260,390.0,72.0,0.9,,,
Tarragon (Fresh),spice,Herb,,100.0,100g,,55,3.4,1.1,9.2,2.9,6.3,86.3,63,0.15,0.3,1.2,,0.0,0.0,0.0,2.0,0.0,0.5,,170.0,29.0,51.0,46,450.0,9.0,0.6,,,
Tarragon (Dried),spice,Herb,,100.0,100g,,363,22.8,7.2,60.9,18.1,42.8,7.7,420,0.25,0.3,8.9,,0.0,0.0,0.0,0.0,0.0,0.7,,1140.0,32.0,350.0,310,3020.0,62.0,3.9,,,
Pouting,fish_seafood,Fish,,100.0,100g,,82,19.0,0.6,0.1,0.0,0.0,78.8,0,0.02,0.05,1.8,,0.21,10.0,1.0,0.0,1.0,0.6,,25.0,0.6,24.0,80,530.0,68.0,0.2,,,
Wheat Bran,grain,Wheat,,100.0,100g,,293,16.2,5.3,65.1,40.2,2.4,8.2,0,0.89,0.36,29.6,,1.38,140.0,0.0,0.0,0.0,1.6,,75.0,19.0,480.0,1060,1340.0,28.0,7.7,,,6.8
Oat Flour,grain,Other,,100.0,100g,,363,14.5,7.3,62.7,5.7,1.3,12.0,0,0.33,0.09,2.4,,0.13,46.0,0.0,0.0,0.0,0.9,,43.0,6.3,130.0,430,410.0,2.0,4.5,,,8.6
Rye Flour,grain,Other,,100.0,100g,,370,7.8,1.2,86.7,9.4,0.0,12.1,0,0.35,0.13,0.4,,0.36,71.0,0.0,0.0,0.0,0.85,,30.0,1.8,71.0,150,330.0,1.0,2.3,,,
Rye Flour (Type 70),grain,Other,,100.0,100g,,364,6.6,1.1,85.5,7.0,0.0,12.5,0,0.31,0.11,0.5,,0.36,63.0,0.0,0.0,0.0,0.8,,23.0,1.6,49.0,110,240.0,1.0,1.6,,,
Rye Flour (Type 85),grain,Other,,100.0,100g,,375,9.0,1.3,87.7,11.7,0.0,11.7,0,0.38,0.15,0.3,,0.35,78.0,0.0,0.0,0.0,0.9,,36.0,1.9,92.0,190,410.0,1.0,3.0,,,
Barley Flour,grain,Other,,100.0,100g,,330,8.8,2.5,72.0,7.6,0.9,14.0,0,0.37,0.12,5.7,,0.22,19.0,0.0,0.0,0.0,0.3,,23.0,4.5,89.0,300,360.0,3.3,2.8,,,4.8
Spelt Flour,grain,Wheat,,100.0,100g,,339,14.0,2.3,69.2,7.4,1.9,13.1,0,0.25,0.05,0.35,,0.13,45.0,0.0,0.0,0.0,1.4,,26.0,3.0,89.0,310,330.0,0.0,2.8,,,5.7
Cornmeal (Fine),grain,Other,,100.0,100g,,359,8.3,2.2,77.9,2.6,0.0,13.0,0,0.36,0.1,1.0,,0.56,10.0,0.0,0.0,0.0,0.0,,8.0,0.8,46.0,100,120.0,1.0,1.0,,,
Cassava Flour,grain,Other,,100.0,100g,,350,1.4,0.3,86.2,1.6,0.0,11.0,0,0.13,0.03,0.7,,0.0,10.0,0.0,0.0,0.0,0.0,,54.0,1.6,2.0,59,20.0,25.0,0.1,,,
Wheat Flour (Average),grain,Wheat,,100.0,100g,,349,8.5,1.5,77.0,3.3,2.1,12.1,0,0.1,0.03,0.9,,0.15,22.0,0.0,0.0,0.0,0.3,,28.0,1.2,29.0,120,140.0,3.0,0.8,,,
Whole Wheat Flour,grain,Wheat,,100.0,100g,,338,9.6,2.4,73.8,8.6,2.3,12.6,0,0.37,0.09,5.4,,0.43,43.0,0.0,0.0,0.0,1.4,,45.0,4.3,140.0,430,370.0,3.0,3.0,,,
Whole Wheat Flour (Coarse),grain,Wheat,,100.0,100g,,352,9.1,1.8,76.7,3.7,2.6,10.7,0,0.1,0.03,0.7,,0.15,22.0,0.0,0.0,0.0,0.3,,29.0,1.1,21.0,100,160.0,3.0,0.6,,,
Wheat Flour (Pastry),grain,Wheat,,100.0,100g,,344,7.8,1.1,77.2,2.9,1.5,13.4,0,0.1,0.03,1.1,,0.15,22.0,0.0,0.0,0.0,0.3,,26.0,1.2,36.0,140,130.0,3.0,0.9,,,
Wheat Flour (All Purpose),grain,Wheat,,100.0,100g,,341,13.6,1.0,71.1,3.5,1.5,13.2,0,0.19,0.05,1.46,,0.08,18.3,0.0,0.0,0.0,0.3,,25.0,1.3,30.0,120,180.0,12.0,0.8,,,4.4
Fava Bean (Fresh),legume,Bean,,100.0,100g,,80,7.4,0.5,14.6,6.1,1.6,76.6,11,0.04,0.04,1.2,,0.06,145.0,0.0,23.0,0.0,0.46,,25.0,1.2,32.0,87,270.0,7.0,1.0,,,
Fava Bean (Dried),legume,Bean,,100.0,100g,,301,25.8,1.3,60.4,27.6,6.2,9.0,5,0.43,0.26,2.6,,0.37,150.0,0.0,0.0,0.0,0.46,,110.0,5.0,200.0,330,1090.0,13.0,3.2,,,
White Bean (Dried),legume,Bean,,100.0,100g,,308,21.3,0.1,66.8,22.9,2.0,12.3,0,0.35,0.17,1.5,,0.35,300.0,0.0,0.0,0.0,0.2,,150.0,6.5,160.0,480,1490.0,10.0,3.2,,,17.0
Pinto Bean (Dried),legume,Bean,,100.0,100g,,302,20.3,0.1,61.9,14.0,0.2,13.7,2,0.65,0.19,1.42,,0.4,130.0,0.0,0.0,0.0,0.3,,120.0,7.2,150.0,400,1270.0,10.0,2.7,,,2.8
Red Kidney Bean (Dried),legume,Bean,,100.0,100g,,310,21.5,0.5,61.9,14.0,1.7,12.4,2,0.65,0.19,1.9,,0.4,130.0,0.0,0.0,0.0,0.3,,100.0,8.0,150.0,420,1330.0,10.0,2.9,,,15.0
Black-eyed Pea (Dried),legume,Pea,,100.0,100g,,339,21.4,1.5,64.7,9.4,1.7,11.2,5,0.54,0.18,1.01,,0.37,630.0,0.0,0.0,0.0,0.3,,62.0,5.5,170.0,340,1150.0,10.0,3.4,,,50.0
Butter Bean (Dried),legume,Bean,,100.0,100g,,313,24.0,0.1,65.5,22.9,1.7,11.5,0,0.61,0.19,1.57,,0.6,360.0,0.0,0.0,0.0,0.3,,120.0,6.9,140.0,420,1630.0,10.0,3.0,,,8.5
Black Bean (Dried),legume,Bean,,100.0,100g,,318,22.4,1.0,61.9,14.0,4.7,12.7,2,0.65,0.19,0.5,,0.4,130.0,0.0,0.0,0.0,0.3,,110.0,6.7,160.0,370,1530.0,10.0,2.4,,,8.8
Green Bean (Fresh),vegetable,Legume,,100.0,100g,,32,1.9,0.3,6.8,3.0,2.8,90.0,43,0.05,0.07,0.7,,0.05,80.0,0.0,17.0,0.0,0.2,,40.0,0.7,17.0,35,250.0,2.0,0.2,,,
Feijoa,fruit,Tropical,,100.0,100g,,52,0.9,0.5,11.9,2.1,9.5,85.0,5,0.01,0.01,0.2,,0.05,38.0,0.0,29.0,0.0,0.18,,5.0,0.1,7.0,13,130.0,3.0,0.1,,,
Physalis,fruit,Other,,100.0,100g,,68,1.8,0.6,15.9,4.2,11.7,80.3,275,0.1,0.06,1.5,,0.26,50.5,0.0,45.5,0.0,0.7,,8.3,0.8,23.0,39,380.0,0.9,0.4,,,1.6
Radish Leaves,vegetable,Leafy Green,,100.0,100g,,39,3.5,0.5,6.5,2.6,3.5,89.7,612,0.13,0.35,0.8,,0.14,90.0,0.0,63.0,0.0,1.3,,200.0,3.8,26.0,44,370.0,110.0,0.4,,,
Chicken Quarter (Breast/Wing),poultry,Chicken,,100.0,100g,,196,20.4,12.7,0.0,0.0,0.0,66.0,20,0.12,0.22,8.2,,0.37,11.0,0.6,0.0,0.6,0.1,,7.0,0.6,24.0,190,310.0,61.0,0.8,,,
Chicken Quarter (Leg),poultry,Chicken,,100.0,100g,,195,19.1,13.0,0.0,0.0,0.0,67.0,30,0.12,0.27,5.2,,0.23,7.8,1.0,0.0,0.6,0.2,,16.0,1.1,22.0,170,330.0,81.0,1.0,,,
"Chicken (Whole, Skin On)",poultry,Chicken,,100.0,100g,,201,19.6,13.6,0.0,0.0,0.0,66.0,20,0.12,0.25,6.6,,0.3,9.4,0.8,0.0,0.6,0.2,,11.0,0.8,23.0,180,320.0,70.0,0.9,,,
"Chicken (Whole, Skinless)",poultry,Chicken,,100.0,100g,,110,22.9,2.0,0.0,0.0,0.0,74.0,10,0.14,0.19,8.0,,0.37,11.0,0.72,0.0,0.2,0.2,,12.0,0.9,27.0,200,380.0,77.0,1.0,,,
Chicken Breast (Skin On),poultry,Chicken,,100.0,100g,,177,24.1,8.9,0.0,0.0,0.0,65.7,0,0.14,0.14,8.9,,0.51,11.0,0.37,0.0,0.6,0.14,,19.0,1.0,17.0,200,320.0,72.0,0.8,,,
Chicken Breast (Skinless),poultry,Chicken,,100.0,100g,,108,24.1,1.2,0.0,0.0,0.0,73.8,0,0.14,0.14,11.0,,0.49,13.0,0.37,0.0,0.1,0.13,,5.0,0.5,29.0,220,370.0,60.0,0.8,,,
Chicken Skin,poultry,Chicken,,100.0,100g,,474,9.7,48.3,0.0,0.0,0.0,42.3,64,0.04,0.44,2.7,,0.08,4.0,1.0,0.0,1.9,0.15,,8.0,0.6,9.0,91,130.0,50.0,0.7,,,
Chicken Drumstick (Skinless),poultry,Chicken,,100.0,100g,,111,22.0,2.6,0.0,0.0,0.0,74.3,20,0.14,0.22,5.9,,0.28,9.0,1.0,0.0,0.2,0.17,,18.0,1.2,26.0,190,390.0,90.0,1.1,,,
Guinea Fowl,poultry,Other Poultry,,100.0,100g,,152,23.4,6.5,0.0,0.0,0.0,68.9,28,0.06,0.1,7.7,,0.38,5.0,0.34,1.3,0.4,0.01,,11.0,0.8,22.0,150,190.0,67.0,1.1,,,16.0
Chicken Heart,poultry,Chicken,,100.0,100g,,149,15.6,9.3,0.7,0.0,0.0,73.6,9,0.31,0.73,4.88,,0.23,45.0,7.29,3.2,0.7,0.37,,12.0,6.0,17.0,180,180.0,64.0,6.6,,,
King Prawn,fish_seafood,Crustacean,,100.0,100g,,88,21.5,0.2,0.0,0.0,0.0,75.1,8,0.03,0.01,0.2,,0.05,0.2,0.1,0.0,7.1,0.1,,87.0,1.8,30.0,150,180.0,190.0,0.3,,,
Grouper (Dusky),fish_seafood,Fish,,100.0,100g,,95,20.5,1.4,0.0,0.0,0.0,76.5,50,0.03,0.05,1.1,,0.3,6.0,1.0,0.0,7.0,2.6,,18.0,0.6,31.0,160,300.0,130.0,0.5,,,
Ginger Root (Fresh),vegetable,Root,,100.0,100g,,82,1.8,0.8,17.8,2.0,15.8,78.9,0,0.03,0.03,0.75,,0.16,11.0,0.0,5.0,0.0,0.5,,16.0,0.6,43.0,34,420.0,13.0,0.3,,,
Wheat Germ,grain,Wheat,,100.0,100g,,391,28.1,9.6,54.1,12.3,15.7,6.7,0,1.45,0.61,5.8,,1.42,190.0,0.0,0.0,0.0,11.0,,41.0,5.0,260.0,1000,1050.0,5.5,18.0,,,3.0
Sour Cherry,fruit,Stone,,100.0,100g,,57,0.9,0.3,13.1,1.6,11.5,85.2,20,0.04,0.05,0.4,,0.05,9.0,0.0,10.0,0.0,0.13,,15.0,0.4,10.0,17,200.0,3.0,0.1,,,
Blackspot Sea Bream,fish_seafood,Fish,,100.0,100g,,100,18.8,2.7,0.0,0.0,0.0,76.8,19,0.05,0.07,2.6,,0.41,15.0,1.0,0.0,15.0,0.7,,7.0,0.4,32.0,260,370.0,100.0,0.7,,,
Chickpea (Dried),legume,Bean,,100.0,100g,,327,19.4,6.8,60.7,27.2,4.5,10.4,10,0.41,0.15,1.9,,0.5,180.0,0.0,3.0,0.0,2.7,,93.0,4.9,110.0,330,1040.0,6.0,2.7,,,
Broccoli Rabe,vegetable,Cruciferous,,100.0,100g,,28,2.4,0.4,5.1,2.6,2.1,91.6,180,0.07,0.09,0.7,,0.14,90.0,0.0,79.0,0.0,1.3,,150.0,0.6,20.0,51,230.0,19.0,0.7,,,
Turnip Tops,vegetable,Leafy Green,,100.0,100g,,29,2.4,0.5,4.9,2.6,1.9,91.3,204,0.1,0.07,1.0,,0.14,90.0,0.0,84.0,0.0,1.3,,130.0,0.5,20.0,43,230.0,19.0,0.4,,,
Currant,fruit,Berry,,100.0,100g,,52,1.1,0.5,13.2,8.2,5.0,82.8,2,0.04,0.06,0.1,,0.05,11.0,0.0,40.0,0.0,0.1,,36.0,1.2,13.0,30,280.0,3.0,0.2,,,
Mint (Fresh),spice,Herb,,100.0,100g,,51,3.8,0.7,9.2,3.9,5.1,86.4,123,0.12,0.33,1.1,,0.09,110.0,0.0,31.0,0.0,5.0,,210.0,9.5,11.0,75,260.0,15.0,0.7,,,
Orange Roughy,fish_seafood,Fish,,100.0,100g,,80,19.0,0.4,0.0,0.0,0.0,79.2,10,0.1,0.02,3.9,,0.12,11.0,0.36,0.0,2.7,0.62,,14.0,0.2,32.0,210,320.0,72.0,0.4,,,
Yam,vegetable,Root,,100.0,100g,,114,1.5,0.3,27.0,1.3,0.7,67.2,14,0.16,0.01,0.2,,0.16,8.0,0.0,4.0,0.0,4.6,,15.0,0.7,15.0,27,380.0,2.0,0.3,,,1.0
"Yogurt (Whole, Flavored)",dairy,Yogurt,,100.0,100g,,83,3.9,3.6,8.5,0.0,8.5,82.9,55,0.02,0.18,0.2,,0.03,7.0,0.0,0.0,0.0,0.1,,140.0,0.2,18.0,95,140.0,46.0,0.6,,,
Yogurt (Nonfat),dairy,Yogurt,,100.0,100g,,42,4.6,0.2,5.2,0.0,5.2,89.0,17,0.04,0.27,0.2,,0.03,1.5,0.0,0.0,0.0,0.0,,160.0,0.2,14.0,130,200.0,72.0,0.6,,,
Yogurt (Low-fat),dairy,Yogurt,,100.0,100g,,54,4.2,1.8,5.0,0.0,5.0,87.9,30,0.03,0.24,0.2,,0.03,1.7,0.0,0.0,0.0,0.03,,120.0,0.2,12.0,110,180.0,62.0,0.5,,,
Wild Boar,pork,Other Cut,,100.0,100g,,108,19.5,3.4,0.0,0.0,0.0,75.9,25,0.1,0.2,5.1,,0.4,5.0,5.0,0.0,,0.21,,10.0,1.8,22.0,170,360.0,94.0,2.3,,,
Langoustine,fish_seafood,Crustacean,,100.0,100g,,89,20.9,0.5,0.2,0.0,0.0,76.1,0,0.09,0.04,2.0,,0.08,11.0,1.0,0.0,0.0,0.9,,37.0,1.0,42.0,200,190.0,320.0,1.5,,,
Lamprey,fish_seafood,Fish,,100.0,100g,,314,16.7,27.4,0.1,0.0,0.0,54.3,5350,0.2,0.6,3.0,,0.19,16.5,2.95,1.0,14.3,5.9,,7.5,4.1,15.0,190,180.0,350.0,2.2,,,57.0
Limpet,fish_seafood,Mollusk,,100.0,100g,,66,14.3,0.7,0.6,0.0,0.0,82.3,0,0.01,0.04,1.3,,0.04,18.0,41.0,0.0,0.0,0.0,,51.0,21.0,95.0,100,200.0,420.0,1.0,,,
Orange,fruit,Citrus,,100.0,100g,,52,0.9,0.1,12.1,1.6,9.8,86.6,14,0.08,0.08,0.7,,0.1,31.0,0.0,57.0,0.0,0.2,,35.0,0.2,11.0,19,160.0,4.0,0.0,,,0.3
Hare,poultry,Other Poultry,,100.0,100g,,113,21.6,3.0,0.0,0.0,0.0,73.3,0,0.09,0.06,8.07,,0.3,10.0,1.0,0.0,0.0,0.1,,9.1,0.8,26.0,210,320.0,77.0,1.7,,,10.0
Goat Milk,dairy,Milk,,100.0,100g,,70,3.8,4.0,4.6,0.0,4.6,86.9,53,0.05,0.1,0.3,,0.04,1.0,0.08,3.0,0.1,0.03,,150.0,0.2,20.0,120,180.0,40.0,0.3,,,
Sheep Milk,dairy,Milk,,100.0,100g,,93,5.1,6.2,4.2,0.0,4.2,86.9,50,0.06,0.15,0.2,,0.07,5.0,0.15,5.0,0.2,0.11,,190.0,0.2,15.0,140,120.0,37.0,0.7,,,
Red Lentil (Dried),legume,Lentil,,100.0,100g,,327,25.7,0.3,64.0,17.4,3.6,10.6,10,0.34,0.12,1.25,,0.29,164.0,0.0,0.0,0.0,,,24.0,6.2,73.0,370,900.0,10.0,3.9,,,17.0
Lentil (Dried),legume,Lentil,,100.0,100g,,321,25.2,0.7,59.4,11.8,1.2,10.3,10,0.43,0.27,1.9,,0.93,110.0,0.0,0.0,0.0,0.0,,74.0,6.8,110.0,360,940.0,12.0,3.9,,,
Lychee,fruit,Tropical,,100.0,100g,,70,0.9,0.4,16.1,1.3,14.3,81.5,0,0.03,0.06,0.55,,0.1,14.0,0.0,58.3,0.0,0.07,,5.5,0.4,9.5,31,170.0,1.0,0.2,,,
Sole,fish_seafood,Fish,,100.0,100g,,82,20.1,0.2,0.0,0.0,0.0,78.1,4,0.09,0.13,2.8,,0.33,10.0,0.94,0.0,9.4,0.32,,21.0,0.3,33.0,220,390.0,88.0,0.6,,,
Apple,fruit,Pome,,100.0,100g,,57,0.0,0.5,13.6,1.4,11.4,86.1,4,0.0,0.2,0.1,,0.04,5.0,0.0,6.0,0.0,0.1,,5.5,0.2,6.5,7,130.0,6.0,0.1,,,0.1
Apple (Skin On),fruit,Pome,,100.0,100g,,64,0.2,0.5,15.5,2.1,13.4,82.9,4,0.02,0.03,0.1,,0.04,5.0,0.0,7.0,0.0,0.59,,6.0,0.2,8.0,8,140.0,6.0,0.0,,,
Apple (Peeled),fruit,Pome,,100.0,100g,,61,0.2,0.5,14.6,1.9,12.7,83.8,4,0.02,0.03,0.1,,0.04,5.0,0.0,5.0,0.0,0.27,,5.0,0.2,5.0,6,120.0,6.0,0.0,,,
Red Chili Pepper (Fresh),vegetable,Nightshade,,100.0,100g,,31,1.8,0.3,6.3,2.0,4.2,86.4,685,0.12,0.15,2.2,,0.28,23.0,0.0,225.0,0.0,0.8,,16.0,1.0,21.0,39,440.0,12.0,0.3,,,
Cassava,vegetable,Root,,100.0,100g,,145,1.0,0.3,35.6,1.8,1.4,62.1,0,0.07,0.03,0.68,,0.09,23.0,0.0,25.8,0.0,0.0,,17.0,0.4,21.0,31,300.0,9.5,0.5,,,
Basil (Fresh),spice,Herb,,100.0,100g,,48,3.1,0.8,9.0,3.9,5.1,88.0,660,0.08,0.31,1.1,,0.09,110.0,0.0,26.0,0.0,5.0,,250.0,5.5,11.0,37,300.0,9.0,0.7,,,
Basil (Dried),spice,Herb,,100.0,100g,,244,23.0,4.1,47.7,37.7,1.7,10.3,938,0.08,1.2,4.9,,1.34,1.0,0.0,1.0,0.0,10.7,,2240.0,90.0,710.0,270,2630.0,76.0,7.1,,,
Marjoram (Dried),spice,Herb,,100.0,100g,,320,12.7,7.0,60.6,18.1,42.5,7.6,807,0.29,0.32,4.1,,0.0,0.0,0.0,0.0,0.0,9.15,,1990.0,120.0,200.0,310,1520.0,77.0,3.6,,,
Quince,fruit,Pome,,100.0,100g,,53,0.3,0.2,15.3,6.0,9.3,83.6,5,0.02,0.04,0.1,,0.04,3.0,0.0,14.0,0.0,0.55,,14.0,0.1,7.0,14,200.0,4.0,0.1,,,
Ling,fish_seafood,Fish,,100.0,100g,,70,17.2,0.1,0.0,0.0,0.0,81.7,9,0.04,0.02,0.67,,0.07,6.8,0.48,0.0,0.4,0.13,,25.0,0.2,25.0,180,260.0,120.0,0.7,,,
Strawberry Tree Fruit,fruit,Berry,,100.0,100g,,150,1.2,0.6,37.8,6.4,16.3,59.7,0,0.12,0.22,1.3,,0.19,35.7,0.0,6.1,0.0,8.9,,500.0,1.2,130.0,370,1490.0,70.0,0.8,,,0.3
Melon,fruit,Melon,,100.0,100g,,39,0.8,0.3,8.6,0.7,6.7,90.2,6,0.0,0.0,0.4,,0.09,3.0,0.0,30.0,0.0,0.0,,10.0,0.3,19.0,12,230.0,12.0,0.1,,,0.7
Honeydew Melon,fruit,Melon,,100.0,100g,,39,1.0,0.0,8.9,0.7,7.6,89.9,40,0.0,0.06,0.6,,0.11,5.0,0.0,26.0,0.0,0.0,,20.0,0.3,11.0,13,210.0,8.0,0.1,,,0.9
Corn (Dried),grain,Other,,100.0,100g,,368,9.3,4.9,73.2,2.9,0.0,11.9,0,0.63,0.18,1.6,,0.62,26.0,0.0,0.0,0.0,2.0,,14.0,2.5,110.0,190,290.0,14.0,2.4,,,
Baobab Fruit,fruit,Tropical,,100.0,100g,,212,2.8,0.1,83.6,67.3,12.6,8.0,0,0.0,0.08,19.98,,0.0,282.0,0.0,93.7,0.0,0.25,,300.0,0.8,150.0,15,2400.0,3.2,0.4,,,0.0
Turnip Greens,vegetable,Leafy Green,,100.0,100g,,17,2.0,0.0,3.5,2.3,0.0,94.0,478,0.05,0.15,0.8,,0.09,126.0,0.0,35.0,0.0,0.0,,100.0,3.0,10.0,45,300.0,40.0,0.4,,,
Heavy Cream (35%),dairy,Cream,,100.0,100g,,335,1.8,35.0,3.1,0.0,3.1,59.7,479,0.02,0.17,0.3,,0.02,3.0,0.17,0.0,0.2,1.9,,61.0,0.2,5.0,52,98.0,28.0,0.2,,,
Loquat,fruit,Stone,,100.0,100g,,51,0.4,0.4,12.3,2.1,10.2,85.5,27,0.04,0.06,0.2,,0.02,14.0,0.0,1.0,0.0,0.2,,16.0,0.3,14.0,11,250.0,1.0,0.1,,,
Macadamia Nut,nut_seed,Tree Nut,,100.0,100g,,752,8.0,76.0,13.1,8.0,4.0,3.0,0,0.7,0.1,2.0,,0.28,11.0,0.0,1.0,0.0,1.0,,78.0,3.0,120.0,200,360.0,5.0,1.0,,,4.0
Oregano (Dried),spice,Herb,,100.0,100g,,265,9.0,4.3,68.9,42.5,4.1,9.9,85,0.18,0.53,4.64,,1.04,237.0,0.0,2.3,0.0,18.26,,1600.0,37.0,270.0,150,1260.0,25.0,2.7,,,
Quail Egg,egg,Other Egg,,100.0,100g,,150,12.9,10.7,0.4,0.0,0.4,73.4,263,0.13,0.79,0.15,,0.15,58.3,1.6,0.0,2.2,1.9,,61.0,3.1,13.0,220,130.0,110.0,1.4,,,25.0
Egg (Whole),egg,Whole Egg,,100.0,100g,,143,12.6,10.1,0.5,0.0,0.5,76.0,190,0.07,0.44,0.04,,0.36,50.0,1.0,0.0,1.7,2.3,,44.0,2.1,11.0,180,130.0,0.8,1.3,,,
Red Snapper,fish_seafood,Fish,,100.0,100g,,79,19.4,0.2,0.0,0.0,0.0,78.5,6,0.25,0.02,4.8,,0.5,10.0,2.1,0.0,9.0,0.45,,7.0,0.7,36.0,260,450.0,65.0,0.7,,,
Pink Snapper,fish_seafood,Fish,,100.0,100g,,80,18.5,0.7,0.0,0.0,0.0,79.6,6,0.13,0.06,1.6,,0.22,7.0,1.3,0.0,0.9,1.9,,12.0,0.5,28.0,180,320.0,81.0,0.8,,,
Duck (Skin On),poultry,Other Poultry,,100.0,100g,,394,12.3,38.3,0.0,0.0,0.0,48.4,51,0.17,0.36,3.7,,0.26,10.0,2.0,0.0,1.4,0.02,,10.0,1.9,15.0,130,200.0,68.0,1.3,,,
Duck (Skinless),poultry,Other Poultry,,100.0,100g,,133,19.3,6.2,0.0,0.0,0.0,73.4,24,0.36,0.45,5.3,,0.34,25.0,3.0,0.0,0.4,0.02,,12.0,2.4,19.0,200,280.0,92.0,1.9,,,
Silver Scabbardfish,fish_seafood,Fish,,100.0,100g,,117,20.3,4.0,0.0,0.0,0.0,74.4,17,0.05,0.06,3.6,,0.19,30.0,2.2,0.0,1.1,1.2,,16.0,0.4,26.0,180,250.0,77.0,0.6,,,
Black Scabbardfish,fish_seafood,Fish,,100.0,100g,,88,15.7,2.8,0.0,0.0,0.0,79.7,23,0.01,0.04,1.8,,0.16,8.3,1.7,0.0,2.1,1.1,,14.0,0.1,29.0,180,330.0,140.0,0.5,,,
Pear,fruit,Pome,,100.0,100g,,57,0.1,0.4,14.1,1.9,9.2,86.2,0,0.0,0.14,0.2,,0.02,2.0,0.0,3.0,0.0,0.1,,9.0,0.3,9.0,10,150.0,8.0,0.1,,,0.2
Gooseneck Barnacle,fish_seafood,Crustacean,,100.0,100g,,59,13.6,0.5,0.0,0.0,0.0,85.9,0,0.3,0.6,0.6,,0.22,7.0,15.0,0.0,0.0,0.85,,130.0,0.3,94.0,160,330.0,18.0,0.5,,,
Partridge,poultry,Other Poultry,,100.0,100g,,104,23.0,1.3,0.0,0.0,0.0,74.0,0,0.24,0.18,4.5,,0.6,8.0,0.43,0.0,0.3,0.0,,19.0,4.5,29.0,170,250.0,60.0,2.4,,,
"Turkey (Whole, Skin On)",poultry,Turkey,,100.0,100g,,137,20.5,6.1,0.0,0.0,0.0,72.0,0,0.07,0.14,8.0,,0.6,17.0,2.0,0.0,0.3,0.0,,18.0,2.0,19.0,210,270.0,49.0,1.6,,,
Turkey Breast (Skin On),poultry,Turkey,,100.0,100g,,134,23.0,4.7,0.0,0.0,0.0,71.1,7,0.07,0.1,7.4,,0.52,7.4,1.0,0.0,0.3,0.0,,7.0,0.7,30.0,200,330.0,64.0,0.6,,,
Turkey Breast (Skinless),poultry,Turkey,,100.0,100g,,105,23.4,1.3,0.0,0.0,0.0,74.2,0,0.06,0.12,7.9,,0.58,8.0,1.0,0.0,0.3,0.0,,8.0,0.7,32.0,210,350.0,63.0,0.6,,,
Turkey Leg,poultry,Turkey,,100.0,100g,,149,18.9,8.1,0.0,0.0,0.0,71.6,0,0.08,0.19,5.0,,0.32,22.0,2.0,0.0,0.4,0.0,,16.0,1.6,20.0,190,290.0,83.0,2.9,,,
Hake (Average),fish_seafood,Fish,,100.0,100g,,83,17.6,1.4,0.0,0.0,0.0,80.0,10,0.07,0.04,1.1,,0.06,18.0,0.72,0.0,1.4,0.5,,31.0,0.3,31.0,190,360.0,100.0,0.6,,,
Hake (South African),fish_seafood,Fish,,100.0,100g,,81,17.2,1.3,0.0,0.0,0.0,81.0,7,0.05,0.04,0.86,,0.04,13.0,0.6,0.0,1.1,0.4,,20.0,0.3,37.0,180,330.0,120.0,0.6,,,
Hake (Chilean),fish_seafood,Fish,,100.0,100g,,86,18.0,1.5,0.0,0.0,0.0,78.7,5,0.1,0.05,1.3,,0.09,22.0,0.84,0.0,1.3,0.69,,43.0,0.3,26.0,200,380.0,85.0,0.5,,,
Hake (European),fish_seafood,Fish,,100.0,100g,,75,17.0,0.8,0.0,0.0,0.0,81.1,3,0.02,0.04,1.2,,0.04,27.0,0.63,0.0,5.6,0.24,,15.0,0.5,26.0,220,410.0,69.0,0.7,,,
Hake Roe,fish_seafood,Fish,,100.0,100g,,83,14.3,2.9,0.0,0.0,0.0,79.2,1209,0.05,0.24,2.6,,0.16,53.0,56.4,0.0,18.0,2.68,,0.0,0.4,30.0,150,190.0,8.0,2.1,,,
Peach,fruit,Stone,,100.0,100g,,50,0.8,0.0,11.8,1.2,10.6,87.1,28,0.0,0.17,1.0,,0.02,3.0,0.0,4.0,0.0,0.2,,8.0,0.3,8.0,20,160.0,3.0,0.1,,,1.4
White Pepper,spice,Pepper,,100.0,100g,,306,10.4,2.1,74.5,26.2,0.6,11.4,0,0.02,0.13,0.21,,0.1,10.0,0.0,21.0,0.0,1.0,,270.0,14.0,90.0,180,73.0,5.0,1.1,,,3.1
Ground Pepper,spice,Pepper,,100.0,100g,,273,10.7,2.7,64.8,26.5,38.3,11.0,19,0.07,0.18,0.68,,0.34,10.0,0.0,21.0,0.0,1.0,,350.0,22.0,140.0,180,670.0,25.0,1.3,,,
Bell Pepper,vegetable,Nightshade,,100.0,100g,,27,1.6,0.6,4.7,2.0,2.5,92.8,217,0.02,0.01,0.6,,0.31,28.0,0.0,90.0,0.0,0.8,,9.0,0.6,10.0,24,120.0,4.0,0.2,,,
Octopus,fish_seafood,Mollusk,,100.0,100g,,73,15.6,1.2,0.0,0.0,0.0,83.1,3,0.02,0.04,1.3,,0.07,12.0,1.3,0.0,0.0,0.73,,13.0,0.7,43.0,170,240.0,260.0,1.3,,,
Pigeon,poultry,Other Poultry,,100.0,100g,,232,20.3,16.7,0.0,0.0,0.0,66.1,73,0.16,0.23,4.4,,0.41,6.0,0.4,0.0,0.5,0.1,,11.0,3.0,21.0,210,160.0,53.0,1.5,,,
Pork Heart,pork,Other Cut,,100.0,100g,,113,18.4,4.4,0.0,0.0,0.0,76.3,8,0.52,0.97,5.0,,0.31,2.0,2.0,3.0,0.7,0.37,,10.0,2.7,22.0,280,320.0,110.0,2.2,,,
Pork Chop (Fatty),pork,Loin,,100.0,100g,,355,17.3,31.8,0.0,0.0,0.0,50.5,0,0.63,0.17,5.5,,0.35,3.0,1.0,0.0,1.0,0.03,,19.0,1.3,18.0,190,310.0,61.0,1.7,,,
Pork Chop (Semi-lean),pork,Loin,,100.0,100g,,221,19.8,15.8,0.0,0.0,0.0,62.6,0,0.74,0.2,6.5,,0.4,6.0,1.0,0.0,0.7,0.11,,14.0,1.4,18.0,190,380.0,100.0,2.1,,,
Pork Spare Ribs,pork,Rib,,100.0,100g,,190,19.6,12.4,0.0,0.0,0.0,66.9,0,0.73,0.25,7.2,,0.44,1.0,1.0,0.0,0.7,0.09,,11.0,0.8,21.0,190,350.0,72.0,2.2,,,
Pork Tongue,pork,Other Cut,,100.0,100g,,220,16.3,17.2,0.0,0.0,0.0,65.9,0,0.49,0.49,5.3,,0.24,4.0,2.84,4.4,0.3,0.28,,16.0,3.4,18.0,190,240.0,110.0,3.0,,,10.0
Pork Ear,pork,Other Cut,,100.0,100g,,128,26.0,2.5,0.3,0.0,0.3,70.3,0,0.04,0.03,4.0,,0.28,3.0,1.0,0.0,0.0,0.11,,130.0,1.3,12.0,160,310.0,120.0,1.7,,,
Pig's Foot,pork,Other Cut,,100.0,100g,,335,38.0,20.4,0.0,0.0,0.0,39.1,15,0.05,0.11,1.78,,0.26,4.5,0.63,0.0,0.0,0.65,,97.0,1.3,12.0,90,450.0,640.0,2.2,,,
Pork Leg (Fatty),pork,Other Cut,,100.0,100g,,239,18.1,18.5,0.0,0.0,0.0,62.0,0,0.76,0.24,7.5,,0.42,1.0,1.0,0.0,0.8,0.09,,11.0,1.0,17.0,200,290.0,57.0,1.7,,,
Pork Leg (Lean),pork,Other Cut,,100.0,100g,,152,21.0,7.5,0.0,0.0,0.0,69.8,0,0.7,0.26,7.2,,0.46,1.0,1.0,0.0,0.5,0.8,,12.0,0.7,25.0,170,420.0,86.0,2.7,,,
Pork Kidney,pork,Other Cut,,100.0,100g,,95,17.0,3.0,0.0,0.0,0.0,78.4,110,0.53,2.8,8.0,,0.43,43.0,44.0,10.0,0.0,0.44,,13.0,5.0,21.0,300,250.0,260.0,2.4,,,
Flying Squid,fish_seafood,Mollusk,,100.0,100g,,75,16.3,1.1,0.0,0.0,0.0,81.2,12,0.08,0.03,1.7,,0.1,5.1,2.3,0.5,2.5,1.65,,12.0,0.2,44.0,260,240.0,210.0,1.3,,,28.0
Brie,dairy,Cheese,,100.0,100g,,321,18.8,27.3,0.0,0.0,0.0,50.6,329,0.05,0.38,0.46,,0.19,66.4,0.68,0.0,0.3,0.64,,340.0,0.4,18.0,260,120.0,580.0,2.2,,,5.7
Camembert,dairy,Cheese,,100.0,100g,,254,19.2,19.6,0.2,0.0,0.2,56.3,216,0.03,0.47,1.2,,0.2,50.0,0.97,0.0,0.2,0.54,,300.0,1.0,19.0,230,89.0,580.0,2.4,,,
Azeitao Cheese,dairy,Cheese,,100.0,100g,,339,19.5,27.5,2.6,0.0,2.6,48.3,210,0.04,0.66,0.6,,0.08,31.0,0.37,0.0,0.2,0.4,,540.0,0.7,50.0,420,76.0,600.0,2.6,,,
Goat Cheese,dairy,Cheese,,100.0,100g,,286,13.0,25.0,2.0,0.0,2.0,51.6,320,0.02,0.89,1.43,,0.25,84.2,0.15,0.0,0.5,0.53,,120.0,0.3,16.0,210,230.0,400.0,0.6,,,
Evora Cheese,dairy,Cheese,,100.0,100g,,405,23.8,32.9,2.1,0.0,2.1,27.0,180,0.06,0.58,0.5,,0.12,39.0,0.51,0.0,0.4,0.6,,750.0,0.7,70.0,450,110.0,500.0,3.7,,,
Nisa Cheese,dairy,Cheese,,100.0,100g,,451,23.4,38.0,2.6,0.0,2.6,27.0,180,0.06,0.58,0.5,,0.12,39.0,0.51,0.0,0.4,0.6,,750.0,0.7,70.0,450,110.0,600.0,3.7,,,
Emmental,dairy,Cheese,,100.0,100g,,384,28.9,29.7,0.0,0.0,0.0,36.0,250,0.04,0.37,0.1,,0.07,11.0,2.1,1.0,0.6,0.43,,1080.0,0.4,38.0,670,100.0,390.0,4.7,,,
Flemish Cheese,dairy,Cheese,,100.0,100g,,349,22.7,28.3,0.8,0.0,0.3,45.3,423,0.05,0.4,0.4,,0.08,37.0,1.9,0.0,0.2,1.47,,830.0,0.9,48.0,510,110.0,500.0,5.3,,,
Fresh Goat Cheese,dairy,Cheese,,100.0,100g,,182,12.0,13.8,2.1,0.0,2.1,69.6,134,0.0,1.63,0.0,,0.0,22.0,0.29,0.0,0.5,0.48,,430.0,0.0,26.0,300,160.0,390.0,1.4,,,13.0
Fresh Sheep Cheese,dairy,Cheese,,100.0,100g,,204,11.3,15.6,3.9,0.0,3.6,66.5,234,0.05,0.45,0.45,,0.1,27.0,1.45,0.0,0.3,0.48,,580.0,0.7,39.0,420,120.0,300.0,2.4,,,
Fresh Cheese (Low-fat),dairy,Cheese,,100.0,100g,,96,13.0,1.8,6.9,0.0,6.9,75.6,0,0.02,0.37,0.0,,,26.3,0.53,0.0,0.0,0.48,,480.0,0.0,25.0,350,270.0,330.0,1.6,,,9.1
Gouda,dairy,Cheese,,100.0,100g,,380,25.3,30.6,0.0,0.0,0.0,40.4,281,0.03,0.3,0.06,,0.08,43.0,1.7,0.0,0.2,0.57,,770.0,0.3,32.0,500,82.0,930.0,3.9,,,
Gruyere,dairy,Cheese,,100.0,100g,,415,27.2,33.3,1.4,0.0,1.4,35.0,363,0.03,0.39,0.04,,0.11,12.0,1.6,0.0,0.3,0.58,,950.0,0.3,37.0,610,99.0,670.0,2.3,,,
Mascarpone,dairy,Cheese,,100.0,100g,,458,7.6,47.0,0.3,0.0,0.3,44.4,353,0.01,0.22,0.1,,0.04,11.0,0.3,0.0,0.3,1.0,,68.0,0.2,10.0,97,53.0,86.0,0.4,,,
Mozzarella (Fresh),dairy,Cheese,,100.0,100g,,256,18.7,19.5,1.3,0.0,0.7,58.8,323,0.03,0.27,0.4,,0.07,16.0,1.7,0.0,0.1,0.39,,340.0,0.1,10.0,350,8.0,140.0,2.6,,,
Raclette,dairy,Cheese,,100.0,100g,,354,25.5,27.8,0.4,0.0,0.0,42.7,248,0.01,0.22,0.2,,0.06,50.0,1.4,0.0,0.2,0.6,,650.0,0.1,26.0,480,73.0,680.0,3.4,,,8.0
Roquefort,dairy,Cheese,,100.0,100g,,372,22.0,31.5,0.2,0.0,0.2,41.4,210,0.05,0.5,0.8,,0.24,38.0,1.3,0.0,0.3,0.53,,770.0,1.1,24.0,450,270.0,1560.0,2.8,,,
Sao Jorge Cheese,dairy,Cheese,,100.0,100g,,409,26.6,32.5,2.5,0.0,2.5,37.0,243,0.32,0.55,0.6,,0.1,45.0,2.4,0.0,0.2,0.49,,870.0,0.9,44.0,530,110.0,700.0,2.5,,,
Serpa Cheese,dairy,Cheese,,100.0,100g,,375,22.0,30.5,2.4,0.0,2.4,43.0,195,0.05,0.7,0.8,,0.09,37.0,1.1,0.0,0.2,0.43,,710.0,1.3,56.0,600,85.0,800.0,3.0,,,
Serra da Estrela Cheese,dairy,Cheese,,100.0,100g,,324,23.8,24.0,2.0,0.0,2.0,45.5,240,0.05,0.6,0.7,,0.09,31.0,1.4,0.0,0.2,0.45,,700.0,0.7,53.0,480,80.0,600.0,2.8,,,
Kiwi,fruit,Tropical,,100.0,100g,,54,0.9,0.5,11.7,2.2,8.3,86.3,8,0.0,0.01,0.3,,0.02,42.0,0.0,72.0,0.0,0.6,,19.0,0.4,18.0,28,300.0,9.0,0.1,,,0.5
Horseradish,vegetable,Root,,100.0,100g,,88,6.0,0.7,18.2,7.5,7.0,73.6,0,0.1,0.07,0.55,,0.17,14.0,0.0,136.0,0.0,0.0,,110.0,1.7,31.0,75,580.0,7.0,1.4,,,0.2
Skate,fish_seafood,Fish,,100.0,100g,,58,14.1,0.2,0.0,0.0,0.0,77.6,2,0.03,0.03,1.7,,0.19,12.0,0.47,0.0,0.4,0.24,,160.0,0.3,28.0,320,260.0,220.0,0.8,,,
Alfalfa Sprouts,vegetable,Other,,100.0,100g,,29,4.0,0.7,3.3,3.0,0.3,92.2,16,0.06,0.1,0.5,,0.03,36.0,0.0,5.0,0.0,0.2,,32.0,1.0,27.0,70,79.0,6.0,0.9,,,1.0
Bamboo Shoot,vegetable,Other,,100.0,100g,,14,0.9,0.2,3.0,1.8,0.5,96.1,1,0.09,0.1,0.17,,0.48,87.0,0.0,8.8,0.0,0.67,,10.0,0.1,1.6,,31.0,3.0,0.1,,,
Bean Sprouts (Mung),vegetable,Other,,100.0,100g,,21,2.0,0.2,3.5,1.4,1.9,94.0,1,0.25,0.14,0.17,,0.17,166.0,0.0,17.7,0.0,0.06,,16.0,0.7,8.7,24,60.0,22.0,0.1,,,2.0
Soybean Sprouts,vegetable,Other,,100.0,100g,,98,9.2,3.9,7.5,1.7,3.3,77.3,1,0.25,0.14,1.33,,0.17,166.0,0.0,17.7,0.0,0.06,,50.0,1.5,46.0,120,360.0,22.0,1.1,,,2.0
Ricotta (Goat),dairy,Cheese,,100.0,100g,,197,10.7,15.5,3.4,0.0,2.5,69.6,134,0.0,1.63,0.0,,0.0,22.0,0.29,0.0,0.5,0.48,,430.0,0.0,26.0,300,160.0,0.3,1.4,,,
Ricotta (Sheep),dairy,Cheese,,100.0,100g,,246,11.0,20.6,3.8,0.0,2.6,69.6,134,0.0,1.63,0.0,,0.0,22.0,0.29,0.0,0.5,0.48,,430.0,0.0,26.0,300,160.0,400.0,1.4,,,
Ricotta (Cow),dairy,Cheese,,100.0,100g,,149,8.0,10.4,5.8,0.0,2.8,73.1,146,0.02,0.19,1.3,,0.01,11.0,0.6,0.0,0.1,1.1,,300.0,0.1,19.0,190,150.0,200.0,0.8,,,
Sea Bass,fish_seafood,Fish,,100.0,100g,,106,18.5,3.5,0.0,0.0,0.0,71.8,36,0.26,0.08,2.7,,0.49,9.5,1.3,0.0,5.0,0.17,,52.0,0.4,38.0,230,350.0,95.0,1.2,,,
Conger Eel,fish_seafood,Fish,,100.0,100g,,109,17.7,4.2,0.0,0.0,0.0,76.4,267,0.04,0.05,1.5,,0.55,13.0,0.3,0.0,91.0,1.5,,130.0,0.2,28.0,220,340.0,84.0,1.1,,,
Samphire,vegetable,Other,,100.0,100g,,14,0.7,0.2,3.6,2.5,1.1,92.2,0,0.09,0.07,0.6,,0.23,200.0,0.0,0.9,0.0,0.15,,270.0,20.0,75.0,230,1060.0,1270.0,3.4,,,
Salmon,fish_seafood,Fish,,100.0,100g,,262,16.2,21.9,0.0,0.0,0.0,60.5,33,0.18,0.04,3.6,,0.45,10.0,1.9,0.0,11.0,4.0,,12.0,0.5,23.0,210,300.0,38.0,0.5,,,
Red Mullet,fish_seafood,Fish,,100.0,100g,,136,21.7,5.5,0.1,0.0,0.0,71.6,0,0.03,0.04,2.79,,0.17,14.3,3.74,1.6,1.3,2.1,,23.0,0.4,33.0,180,410.0,96.0,0.4,,,
Parsley (Fresh),spice,Herb,,100.0,100g,,20,3.1,0.0,3.3,2.9,0.4,91.7,558,0.28,0.06,0.6,,0.09,170.0,0.0,220.0,0.0,1.9,,200.0,3.2,34.0,91,750.0,34.0,0.9,,,
Brown Crab,fish_seafood,Crustacean,,100.0,100g,,104,19.5,2.9,0.0,0.0,0.0,75.7,2,0.1,0.17,2.4,,0.21,25.9,9.55,2.5,0.0,2.4,,84.0,1.7,43.0,210,270.0,280.0,7.7,,,82.0
Atlantic Chub Mackerel,fish_seafood,Fish,,100.0,100g,,181,19.0,11.7,0.0,0.0,0.0,67.1,64,0.11,0.19,5.8,,0.43,15.0,8.4,0.0,9.3,1.5,,56.0,0.1,30.0,270,370.0,76.0,2.7,,,
Sardine (Fatty),fish_seafood,Fish,,100.0,100g,,221,18.4,16.4,0.0,0.0,0.0,63.4,47,0.01,0.08,4.4,,0.57,15.0,10.0,0.0,21.0,0.66,,72.0,1.0,31.0,310,370.0,65.0,1.6,,,
Sardine (Semi-fatty),fish_seafood,Fish,,100.0,100g,,158,18.9,9.1,0.0,0.0,0.0,68.9,12,0.01,0.14,6.2,,0.41,24.0,10.0,0.0,17.0,0.25,,70.0,1.7,29.0,300,400.0,65.0,1.7,,,
Melon Seed,nut_seed,Seed,,100.0,100g,,590,28.5,47.7,19.8,10.8,0.4,6.1,0,0.17,0.15,2.1,,0.45,58.0,0.0,0.0,0.0,0.25,,71.0,7.6,510.0,690,650.0,99.0,4.0,,,
Poppy Seed,nut_seed,Seed,,100.0,100g,,565,19.3,45.9,23.7,10.0,3.0,6.4,0,0.85,0.17,0.99,,0.5,0.0,0.0,0.0,0.0,1.61,,1510.0,10.0,330.0,840,700.0,21.0,9.4,,,
Corn Semolina,grain,Other,,100.0,100g,,350,8.8,1.1,78.8,5.0,1.5,11.0,0,0.13,0.04,1.2,,0.15,5.0,0.0,0.0,0.0,0.7,,4.0,1.0,20.0,73,80.0,1.0,0.4,,,
Soybean (Dried),legume,Soy,,100.0,100g,,407,32.8,19.3,32.6,14.3,6.6,10.0,17,1.2,0.49,1.8,,0.6,330.0,0.0,0.0,0.0,2.9,,250.0,8.0,250.0,670,1750.0,4.0,3.8,,,
Plaice,fish_seafood,Fish,,100.0,100g,,90,19.0,1.6,0.0,0.0,0.0,78.2,0,0.12,0.05,0.51,,0.13,8.5,1.5,0.0,10.0,0.35,,54.0,0.4,29.0,170,230.0,110.0,0.6,,,
Date (Fresh),fruit,Other,,100.0,100g,,147,1.2,0.1,37.0,3.8,33.2,60.7,4,0.03,0.04,0.99,,0.09,6.4,0.0,6.9,0.0,0.05,,25.0,0.6,27.0,21,350.0,2.5,0.1,,,
Tamarillo,fruit,Tropical,,100.0,100g,,34,2.0,0.3,6.9,2.3,4.6,86.5,155,0.06,0.03,0.3,,0.19,1.0,0.0,23.0,0.0,1.86,,10.0,0.8,19.0,43,300.0,1.0,0.1,,,
Tamarind,spice,Other,,100.0,100g,,242,2.3,0.3,60.0,5.1,38.8,35.8,2,0.29,0.1,1.4,,0.08,14.0,0.0,3.0,0.0,0.1,,77.0,1.8,92.0,94,600.0,15.0,0.1,,,
Monkfish,fish_seafood,Fish,,100.0,100g,,73,17.9,0.2,0.0,0.0,0.0,80.4,24,0.04,0.02,2.0,,0.05,7.3,0.26,0.0,0.0,0.23,,7.0,0.2,27.0,210,330.0,86.0,0.5,,,
Tangelo,fruit,Citrus,,100.0,100g,,41,0.7,0.1,9.5,1.7,7.8,89.3,60,0.04,0.03,0.2,,0.07,18.0,0.0,42.0,0.0,0.55,,57.0,0.5,8.0,15,210.0,4.0,0.1,,,
Tangerine,fruit,Citrus,,100.0,100g,,44,0.7,0.1,10.4,1.7,8.7,88.2,33,0.08,0.04,0.2,,0.07,21.0,0.0,32.0,0.0,0.24,,30.0,0.3,9.0,16,240.0,5.0,0.1,,,
Cherry Tomato,vegetable,Nightshade,,100.0,100g,,30,1.0,0.8,5.6,1.6,4.0,91.7,105,0.05,0.02,0.7,,0.08,22.0,0.0,19.5,0.0,0.71,,8.5,0.3,12.0,32,310.0,3.5,0.1,,,0.0
Thyme (Fresh),spice,Herb,,100.0,100g,,52,1.5,1.2,10.4,3.0,7.3,85.0,102,0.08,0.07,0.8,,0.15,20.0,0.0,0.0,0.0,0.8,,310.0,20.0,36.0,32,130.0,9.0,1.0,,,
Thyme (Dried),spice,Herb,,100.0,100g,,321,9.1,7.4,63.9,18.6,45.3,7.8,456,0.51,0.4,4.9,,0.38,0.0,0.0,0.0,0.0,9.15,,1890.0,120.0,40.0,200,810.0,55.0,6.2,,,
Rainbow Trout,fish_seafood,Fish,,100.0,100g,,92,17.8,2.3,0.0,0.0,0.0,78.0,9,0.09,0.04,4.0,,0.28,8.2,1.9,0.0,19.0,0.13,,20.0,0.2,24.0,250,400.0,41.0,0.6,,,
Truffle,vegetable,Other,,100.0,100g,,77,3.3,0.3,16.0,1.5,8.7,79.5,0,0.05,0.01,2.0,,0.18,44.0,0.0,1.0,0.0,0.12,,4.0,0.4,9.0,80,320.0,5.0,0.4,,,
Grape (White),fruit,Grape,,100.0,100g,,78,0.3,0.5,18.1,0.8,17.3,80.6,5,0.02,0.02,0.3,,0.09,2.0,0.0,1.0,0.0,0.4,,10.0,1.2,8.0,14,220.0,2.0,0.1,,,0.3
Table Grape,fruit,Grape,,100.0,100g,,73,0.6,0.5,16.7,1.0,15.3,82.6,5,0.0,0.03,0.25,,0.09,2.0,0.0,1.0,0.0,0.4,,10.0,0.8,8.0,13,220.0,2.0,0.0,,,0.3
Beef Roast,beef,Other Cut,,100.0,100g,,174,19.4,10.7,0.0,0.0,0.0,68.2,0,0.08,0.15,3.5,,0.43,22.0,2.0,0.0,0.4,0.04,,14.0,1.8,22.0,220,340.0,67.0,3.5,,,
Beef Stew Meat (Lean),beef,Other Cut,,100.0,100g,,175,21.7,9.8,0.0,0.0,0.0,67.4,0,0.07,0.18,4.2,,0.42,6.0,2.0,0.0,0.7,0.09,,12.0,1.3,20.0,250,340.0,66.0,5.3,,,
Beef Stew Meat (Semi-lean),beef,Other Cut,,100.0,100g,,227,21.3,15.8,0.0,0.0,0.0,61.5,0,0.1,0.17,4.0,,0.48,15.0,2.0,0.0,0.5,0.11,,13.0,0.7,19.0,250,300.0,53.0,3.2,,,
Beef Steak (Average),beef,Steak,,100.0,100g,,122,20.9,4.3,0.0,0.0,0.0,72.9,0,0.1,0.16,4.6,,0.51,16.0,2.0,0.0,0.5,0.04,,9.0,1.4,23.0,170,370.0,60.0,3.6,,,
Beef Neck,beef,Other Cut,,100.0,100g,,137,21.3,5.6,0.3,0.0,0.0,70.2,0,0.21,0.18,3.5,,0.51,16.0,2.0,0.0,0.5,0.04,,9.0,0.6,23.0,190,300.0,98.0,3.6,,,
Beef Heart,beef,Other Cut,,100.0,100g,,92,17.0,2.7,0.0,0.0,0.0,78.8,6,0.4,0.4,5.0,,0.23,4.0,13.0,6.0,0.3,0.45,,13.0,5.0,20.0,280,290.0,100.0,1.6,,,
Ground Beef,beef,Ground,,100.0,100g,,142,20.2,6.8,0.0,0.0,0.0,72.1,0,0.09,0.15,3.4,,0.45,14.0,2.0,0.0,0.4,0.1,,10.0,1.6,22.0,180,360.0,64.0,3.5,,,
Beef Tongue,beef,Other Cut,,100.0,100g,,199,15.9,15.0,0.0,0.0,0.0,67.9,0,0.1,0.36,5.8,,0.15,6.0,5.0,3.0,0.3,0.28,,8.0,3.8,19.0,160,300.0,96.0,3.3,,,
Beef Tenderloin (Lean),beef,Steak,,100.0,100g,,114,21.0,3.3,0.0,0.0,0.0,74.2,0,0.1,0.16,3.4,,0.47,16.0,2.0,0.0,0.5,0.05,,10.0,1.5,23.0,150,370.0,60.0,3.6,,,
Beef Kidney,beef,Other Cut,,100.0,100g,,92,18.0,2.2,0.0,0.0,0.0,77.7,105,0.48,0.84,7.0,,0.24,4.0,14.0,12.0,0.3,0.55,,19.0,3.3,18.0,240,220.0,260.0,1.9,,,
Venison,beef,Other Cut,,100.0,100g,,112,20.6,3.3,0.0,0.0,0.0,74.9,0,0.25,0.25,3.4,,0.3,5.0,1.0,0.0,0.5,0.13,,10.0,2.3,21.0,200,310.0,62.0,3.2,,,
Veal Cutlet,beef,Steak,,100.0,100g,,149,19.9,7.6,0.2,0.0,0.0,71.2,0,0.22,0.21,3.6,,0.34,5.7,1.2,0.0,0.0,0.17,,14.0,0.9,19.0,200,370.0,25.0,3.0,,,
Veal Shank,beef,Other Cut,,100.0,100g,,195,20.3,12.6,0.2,0.0,0.0,65.8,0,0.2,0.21,3.6,,0.34,5.7,1.2,0.0,0.0,0.17,,10.0,0.7,19.0,150,370.0,25.0,3.0,,,
Veal Heart,beef,Other Cut,,100.0,100g,,100,16.8,3.6,0.0,0.0,0.0,78.6,6,0.5,0.49,6.5,,0.23,4.0,13.0,5.0,0.9,0.45,,15.0,5.5,18.0,300,350.0,120.0,1.5,,,
Veal Chop,beef,Other Cut,,100.0,100g,,121,20.0,4.5,0.0,0.0,0.0,73.6,0,0.25,0.21,6.6,,0.31,5.3,1.0,0.0,0.0,0.3,,13.0,0.9,20.0,230,390.0,26.0,3.1,,,
Veal Liver,beef,Other Cut,,100.0,100g,,119,20.3,3.5,1.5,0.0,0.0,72.7,11900,0.26,1.6,11.0,,0.52,160.0,64.0,30.0,0.3,0.42,,12.0,6.5,23.0,320,410.0,120.0,5.0,,,
Veal Loin,beef,Steak,,100.0,100g,,148,19.9,7.6,0.0,0.0,0.0,71.2,0,0.22,0.21,6.6,,0.34,5.7,1.2,0.0,0.0,0.17,,14.0,0.9,18.0,200,350.0,24.0,3.0,,,
Veal Shoulder,beef,Other Cut,,100.0,100g,,138,23.3,4.9,0.3,0.0,0.0,70.2,0,0.24,0.27,5.3,,0.31,5.3,1.0,0.0,0.0,0.3,,6.0,0.5,19.0,180,370.0,25.0,3.0,,,
Veal Breast,beef,Other Cut,,100.0,100g,,147,19.6,7.6,0.0,0.0,0.0,71.0,0,0.32,0.24,6.5,,0.35,5.8,1.2,0.0,0.0,0.17,,11.0,1.1,21.0,230,410.0,28.0,3.3,,,
Wasabi Root,spice,Root/Bark,,100.0,100g,,100,4.8,0.6,21.9,6.1,15.8,69.1,2,0.1,0.13,0.67,,0.3,34.0,0.0,58.5,0.0,1.4,,110.0,0.9,58.0,80,530.0,21.0,1.2,,,9.0
